Name,Equation number,Model - old table,Model,Input variable,Output variables,Equation shape,Formule,Equation form,Zotero reference,IPCC risks,Input categories,Output categories,Latex fragment,Vensim,Vensim name,Number of equations
Total agriculture impact,A.1,FUND v.3.8,FUND v.3.8,"Damage in agricultural production,Damage in agricultural production level ,Damage in agricultural production due to CO2 fertilisation",Total agriculture impact,,a1.png (https://v5.airtableusercontent.com/v3/u/33/33/1726761600000/VmKV4iD7QbQ63UwoCRQJ3w/Q17d5307tXiHgtOpCenJDRrj6jHDKItCMyD3M0OKDNjvoS3NePujDQ5g4GVIfLo-JDjM6FQxsDfmolvKV2XKen0XEHV6034WTqhah4vnK19kA2o4FKnEV6GMbWBzK_gW55UCw3hRjBTlGu05tr7mww/IfhQMzpK-CLmxsQ8XimMxQeO8i5U2dxt4PzR4URiSmM),,[image] ([pdf](zotero://open-pdf/library/items/4PTUKAWE?page=6&annotation=7NEFIDYW))  ,"Food production reduction,Food security reduction",Production,Production,"A_{t,r}=A_{t,r}^{r}+A_{t,r}^{l}+A_{t,r}^{f}",Oui,FUND total agricultural impact,
Human health : heat-related mortality,HC.3,FUND v.3.8,FUND v.3.8,"Gross domestic product per capita,Population density ,Time,Region",Fraction of people living in cities ,,hc3.png (https://v5.airtableusercontent.com/v3/u/33/33/1726761600000/0P2xrNwcH_u0xwV-aba4nw/OjOOa6Paesnj7BpyX7w9siHBYXtFGSuYZtQDkDu0sA-rb0epJcZUsQHVxyBEvzInp8jCITByD9GmJBdLJKc5SywF9Mjz10IMzTCnbb_ALS18sS-oygYZRVJOktPDTpUKkxFK6zmLVwR5BdWKYQe-1A/6prW_fEG7V9mQNIffb1obGJWBWspvTolmtX_yH0WYSs),,[image] ([pdf](zotero://open-pdf/library/items/4PTUKAWE?page=19&annotation=BCCGDXPN))  ,Extreme heat,"GDP, Population, ",Population,"U_{t,r}=\frac{\alpha\sqrt{y_{t,r}}+\beta\sqrt{P D_{t,r}}}{1+\alpha\sqrt{y_{t,r}}+\beta\sqrt{P D_{t,r}}}",Oui,,
Tolerable rate of change,22,PAGE02,PAGE02," Tolerable rate of change , Tolerable regional multiplier ", Tolerable rate of change ,,22.png (https://v5.airtableusercontent.com/v3/u/33/33/1726761600000/cLugTXesaXlkVC5cVgz5Tg/7aFTx6UK92InUIPkXeL5Bnchn9NLF6-CTf-YjZ0JMdMoMChSdmhosm587jA9gL-I4akeMjiMgRxRVI2r1FsazTyrjIWe_LAbDK1szt5H-DyUae2y0F0no90RwcGr2R27K4gqNMQZe8_5Cc43cNnWnA/jDasMyX_teMGlmQVb4_DjAd2c_mG4kuUJcKwYs-l9P8),,[image] ([pdf](zotero://open-pdf/library/items/CV9MZG2V?page=24&annotation=Z6U9GKJM))  ,,"Temperature, Parameter",Temperature,"T R_{d,r}=\ T R_{d,0}\cdot\ T M_{r}",En cours,,
Tolerable plateau,23,PAGE02,PAGE02," Tolerable plateau , Tolerable regional multiplier ", Tolerable plateau ,,23.png (https://v5.airtableusercontent.com/v3/u/33/33/1726761600000/RoFECyIib0MeCklwqtR8xg/Lsj9zuY9yz4kzta6lnG4AV71yJW-o1CEqsJaya7NNHbLY3d-lJmbF7MpiM8tx1J_aF9sn7r6oV-bVUPNhPj-28HH92UlxlSFNWGYYDLLpd0ePGKrSqrA6VwvNiQBztEoy-pPif9WVHo8vueIhxbXsA/oXwogZ0vxS4Isl3npFtVbplr79xoZNc5GO4Bbt-78Qg),,[image] ([pdf](zotero://open-pdf/library/items/CV9MZG2V?page=24&annotation=5ZD6GLBF))  ,,"Temperature, Parameter",Temperature,"T P_{d,r}\underline{{{\Sigma}}}\underline{{{\Sigma}}}\underline{{{P}}}_{d,0}\cdot\ I=0\L_{r}",En cours,,
Adjusted tolerable plateau,24,PAGE02,PAGE02,"Plateau nonegative factors characteristic to an adaptive policy, Tolerable plateau ", Adjusted tolerable plateau ,,24.png (https://v5.airtableusercontent.com/v3/u/33/33/1726761600000/Ig7LWBmmdSGlDvIDK5HUxQ/U1SW5G3iNE9aMHIAq3kYhuFLkv-CF4NCRsKzg5ubT-a3Kho7m1OFQEuyq9oAEd2Zg6XTsneqnzrLLz51XCDRYbzq_QpsLxGID5JTMoXzFwm-CErPPlDhzY_KepRV4b6gQgk2vCKG3m8jfcocg5NDBg/If8BqVSFEQI3zkYXjdQI3lkDDTMu0c6RTexZxTpdSkY),,[image] ([pdf](zotero://open-pdf/library/items/CV9MZG2V?page=24&annotation=NE44W4FS))  ,,", Temperature",,"A^{\prime}T P_{i,d,r}\underline{{{\bf\Lambda}}}\underline{{{\bf\Lambda}}}\underline{{{\bf\Lambda}}}\underline{{{\Lambda}}}\underline{{{\Lambda}}}\lambda\alpha^{\prime}\underline{{{\cal\Psi}}}_{i,d,r}",En cours,,
Adjusted tolerable rate,25,PAGE02,PAGE02," Tolerable rate of change ,Slope nonegative factors characteristic to an adaptive policy", Adjusted tolerable rate ,,25.png (https://v5.airtableusercontent.com/v3/u/33/33/1726761600000/aWRBXM6XTUt1fu1jpKATWQ/Btlra41BHh7SnWVJQSIlWc3cqWXthWQVCPUa2t2vbhY90gZInzKyMfQeuhJJuNC65dFn52tAoEt5GhY46mrj4DvFynaflAEcf4WpvRYXoSGVrUe0r7HpHhJRdOjucT3Y52nysSDCRHKDERBrAY-j5Q/L8ZQ74mJiYs7zlHK03dW5XQ5yo6E6oHWJtxgUP00UYs),,[image] ([pdf](zotero://open-pdf/library/items/CV9MZG2V?page=24&annotation=KKNXVJBW))  ,,"Temperature, ",,"A I I\!R_{i,d,r}\underline{{{\longrightarrow}}}\ D\mathsf{)}_{d,r}\i\!\!\slash\k\mathsf{P}_{1,d,r}",En cours,,
Adjusted tolerable level,26,PAGE02,PAGE02," Adjusted tolerable plateau , Adjusted tolerable rate , Adjusted tolerable level ,GDP in region r at time t ", Adjusted tolerable level ,,26a.png (https://v5.airtableusercontent.com/v3/u/33/33/1726761600000/GgzbmTiy9ZrKHNK9tF8IRg/df947nB0EMiS3BeGG8wGJhGy4Ol5eTYGKdfXE1rc_fCEWHjqImEiRR0X6LUTpPUOsNBR1w3fgGL1P2qDbBFjRW7gneFf7vmMkFVkr69OLije8f4fRcKHSNKWPEzGc6FuEEDeoJU2Gi9CpzpjLpfFwQ/CXg8GucItEVidHon0-KL5P7cFeyJ1am6d-CIjYcUAQU),,[image] ([pdf](zotero://open-pdf/library/items/CV9MZG2V?page=25&annotation=SCSZD24F))  ,,", GDP",,"{\cal L}_{i,d,r}\,=\,\mathrm{In}\mathrm{ax}\left[0,R T_{i,r}\,-\,A\,T L_{i,d,r}\right]",En cours,,
Impact,26,PAGE02,PAGE02,"Regional mean temperature in degrees Celsius , Adjusted tolerable level ", Regional impact of global warming ,,26b.png (https://v5.airtableusercontent.com/v3/u/33/33/1726761600000/xOLxwd0v0xyuqB1Nttz8Cw/O1gBeT5Fw-cGJqpvMYF6L2j1kkFmakKDCy0Rnsm8cXcC2Hq1uqioc5rc3rG6SxnVmNxd_4Usv4bSCz8bry0U_5suuYEwaBcwIvahA3TL0VzS7V2kQuNdreUmSH-jeZz9tnNq48iMjy52-3xNfB8c6w/7CgvUEAzx6_kNjTx4-VhTh0k7RGex6A1qhMtwkXguSM),,[image] ([pdf](zotero://open-pdf/library/items/CV9MZG2V?page=25&annotation=TK54GLDT))  ,,"Temperature, ",,"A T L_{i,d,r}=\operatorname*{min}\left[A T P_{i,d,t},A T L_{i-1,d,r}+A T R_{d,r}\cdot(Y_{i}-Y_{i-1})\right]\frac{array}{a,d,r}{a,r}=\sum_{i=1}^{M}\frac{a}{a,r}>0^{2}.",En cours,,
Impact of a discontinuity,27,PAGE02,PAGE02,"Global mean temperature ,Temperature discontinuity", Discontinuity impact ,,27.png (https://v5.airtableusercontent.com/v3/u/33/33/1726761600000/EqUpshMfZE2sr0UQm5r9GQ/Cv3mWsSVWcxveA2iSu5tiah8sf9jBvXL4Kk10V4zUkHTPVTZ7A_aVe8xXFxW220eyDTQTgO5zP7lV_VIygJBhsJHQ2CSg465wve0-BUldST_QEBM8XUVi8qpasZJw8e7HR1Tj6_JsVJqXR1d3PY3oQ/BRnvt8ZQsRbxI2dK0KS6ZpzXGIMTQQjsYSqCt2AueLI),,[image] ([pdf](zotero://open-pdf/library/items/CV9MZG2V?page=25&annotation=3YRX8W5N))  ,,Temperature,,"I D I S_{i}=\operatorname*{max}[0,\,G R T_{i}-\,T D I S]",Non,,
Weighting of the impacts,29,PAGE02,PAGE02," Weights for monetizing impacts , Regional multiplier weights", Weights for monetizing impacts ,,29.png (https://v5.airtableusercontent.com/v3/u/33/33/1726761600000/ilFJT_pp6cwQLSdHdDLm9g/MpqeyMF2dm6e74MZj1yA_X6Rssba8mv8TNJBBNWKU4IYgtuwtrEkfRl9v1ZciI6HEHZ1tjw2W2pgE0gM9Pg4jcaRgvwcc8NBqlSKnDfGq6JHOvIxhsxvYukEyICO2no74ACWGiFd-lBgEs3tuQELOg/wEYwjhq2DE7Oymuy5rL5jQ-J49eZIJkdWpB1kYT3AVI),,[image] ([pdf](zotero://open-pdf/library/items/CV9MZG2V?page=25&annotation=KU4ZPJ2X))  ,,"GDP, ",GDP,"\bar{W}_{d,r}\implies\bar{W}_{d,0}\cdot\frac{W F_{r}}{100}",Non,,
Weigthed impacts,31,PAGE02,PAGE02," Power function exponent , Weights for monetizing impacts , Regional impact of global warming ,GDP in region r at time t ,Adaptative policy", Weighted impact ,,31.png (https://v5.airtableusercontent.com/v3/u/33/33/1726761600000/-3WxGVLt9VS0WyaYeAdUZg/KMDDsXg7sBaM-mo7C1qZsL9WXoQX1Ksc06d90ICYv10BXae0LiaupjegT7-NvnBqAP-j1xZV6dpyDGHkK47oliajP9qsOcnORJNGk2esiRPbUn_cyoKpNJp6D5abOzlSJ20nDa7lkxr_bOGJo0VDXg/aGrUxmYoXxrZpPMg37MBRAqSricocA8ZCDVTamC_tQA),,[image] ([pdf](zotero://open-pdf/library/items/CV9MZG2V?page=26&annotation=I9VTZGV5))  ,,", GDP",,"W I_{i,d,r}=\left(\frac{I_{i,d,r}}{2.5}\right)^{P O W}\cdot W_{d,r}\cdot\left(1-\frac{I M P_{i,d,r}}{100}\right)\cdot G D P_{i,r}",Non,,
Certainty equivalent of the risk,32,PAGE02,PAGE02," Discontinuity weight , Discontinuity impact ,GDP in region r at time t ", Weighted impact of discontinuity ,,32.png (https://v5.airtableusercontent.com/v3/u/33/33/1726761600000/RbMIH6zH452kXs4EmEzgtg/lRKObplv3eFsRFSNg2VfO7Qw9RvOcLNpFMkTpSCCYsXeKEfPqd7e6ZbM8CQYPC8giiqmX71lQjjRtN7IEDfVBr79XR0QSlJIKBWHJiX0cWXekNvCK0V-2nKxvTa4IzEK8DbtnaWmahqqYITFlxtpUw/XzZESp_2Sort6aJFozOHFrjgUxNGjKPUHIdqFfwFkM8),,[image] ([pdf](zotero://open-pdf/library/items/CV9MZG2V?page=26&annotation=SH86S4R5))  ,,", GDP",,"W I D I S_{i,r}=I D I S_{i}\cdot(\frac{P D I S}{100})\cdot\,W D I S_{r}\cdot G D P_{i,r}",Non,,
Total weighted impact,33,PAGE02,PAGE02," Weighted impact , Weighted impact of discontinuity ", Total weighted impact ,,33.png (https://v5.airtableusercontent.com/v3/u/33/33/1726761600000/8DQ9KnMw_Whq7gSvp0N2pQ/Fo90kaO_n1N9GaQF7oYZUUCdkT0ns4IJcuoAnl24Xv4l1dgI6yjrJbWZsIln6XnayHYWbdSrjEdAd14aDjohvfkUr1RD5yJkKckKjjwLS_Xm5S_65iomDiMp_f_cZOq8WLpjn2SsUVBXLIUrVg2b4g/4dzl7moWgYfUVnQXXzZgdQrcNVQd95bMNT4_h4ultNU),,[image] ([pdf](zotero://open-pdf/library/items/CV9MZG2V?page=26&annotation=5TEQ7U5C))  ,,,,"W I T_{i,r}\stackrel{_{\textstyle>}}{=}\sum_{d}W I_{i,d,r}+W I D I J J_{i,r}",Non,,
Adjusted damage,38,PAGE02,PAGE02," Total weighted impact ,GDP in region r at time t ", Adjusted damages ,,38.png (https://v5.airtableusercontent.com/v3/u/33/33/1726761600000/14ynkVvuupumleYD4cwxGw/ewJlnjbqeqyclf9wwdTunKpGFQyGlNwmLhRazzbuagzfdIXnyZmFXOFv4EEoA1SI7HtODdhFocUgT9Vrg_ba583S3_DrttatNEKsG47gCW1F8pZgxmbc2ODskef-QnG7Vp__AcdfMhIWOShNHLhtUA/ppWm2UDmSjcEcKijmVzgKyUj8gAYbxGC6CPpNMePZFs),,[image] ([pdf](zotero://open-pdf/library/items/CV9MZG2V?page=27&annotation=A5MEPYP4))  ,,", GDP",GDP,"\ A\,L\!\!\!\!\slash\,\L_{i,r}\,\longrightarrow\,\ W\!\!\!\!\slash\,J\L^{*}\!\!\!\!\slash\,A\to\nabla\!\!\!\slash\,\L_{i}\,\longrightarrow\,\L^{*}\,\L_{}\,k\,\L_{}\,\L^{}\,\Psi=\,\L^{*}\Psi_{i}\,\L^{}\,",Non,,
Discounted damages,39,PAGE02,PAGE02," Adjusted damages ,Discount rate for impacts", Net present value of global warming impacts ,,39.png (https://v5.airtableusercontent.com/v3/u/33/33/1726761600000/3cH7ynyDbzIOKacGGUIq7Q/M8okGkbct-o8MzrlYfxlHSSVGS9GpbirPEbpd1gM4wj-Qhb_N6sMiroHwlk41Bw4Wc6poe0WZeL3_FysYLyvNg8xLWwt9sQ4oARouZN7Q8ZQSrYc5a5MnVrr-MsIWF89z9saXEjdc2y-6pw2qiw7Cg/3xMgoBaeC9bpPSaEsfR7p3T42G17OoqwYGnMtE1DUHs),,[image] ([pdf](zotero://open-pdf/library/items/CV9MZG2V?page=27&annotation=U3RCL4JM))  ,,"GDP, ",,"D D=\sum_{i,r}(A D_{i,r})\cdot\prod_{k=1}^{i}\left(1+d r_{k,r}\cdot\frac{r i c}{100}\right)^{-(Y_{k}-Y_{k-1})}",Non,,
Productivity of land in forestry,3.1,GRACE,GRACE,"Global mean temperature , Rate of change in precipitation ",Productivity of land in forestry,,grace.png (https://v5.airtableusercontent.com/v3/u/33/33/1726761600000/GNDFCBgfmdWjOeSt3nczvw/4PKUVRVIsBGJaQyfPfdOsLwxC0YmrN6US841oEiriy91bFa0joWIsUTn8PTvQdkdeD0_RFgwXxAoGsK3Nvp7h-NBHz8XJ5pg3_HyiOcol5tB2GGvSoL5I7cI-8Io8uIZ9FeqGjW1Eh2WsehGr1zLwg/w5if58WkXhMKS98RKqaQbwr4TcVng6iJpFh4u8CCmbw),,[image] ([pdf](zotero://open-pdf/library/items/Y6BGLV9Y?page=33&annotation=3AQ8WBEU))  ,,"Temperature, Precipitation",,d X=\alpha d T^{2}+\beta d T+\gamma d P,Non,,
Fish stock,3.1,GRACE,GRACE,"Global mean temperature , Rate of change in precipitation ",Fish stock,,grace.png (https://v5.airtableusercontent.com/v3/u/33/33/1726761600000/GNDFCBgfmdWjOeSt3nczvw/4PKUVRVIsBGJaQyfPfdOsLwxC0YmrN6US841oEiriy91bFa0joWIsUTn8PTvQdkdeD0_RFgwXxAoGsK3Nvp7h-NBHz8XJ5pg3_HyiOcol5tB2GGvSoL5I7cI-8Io8uIZ9FeqGjW1Eh2WsehGr1zLwg/w5if58WkXhMKS98RKqaQbwr4TcVng6iJpFh4u8CCmbw),,[image] ([pdf](zotero://open-pdf/library/items/Y6BGLV9Y?page=33&annotation=3AQ8WBEU))  ,,"Temperature, Precipitation",,d X=\alpha d T^{2}+\beta d T+\gamma d P,Non,,
Water cooling and run-off,3.1,GRACE,GRACE,"Global mean temperature , Rate of change in precipitation ",Natural resources in thermal power,,grace.png (https://v5.airtableusercontent.com/v3/u/33/33/1726761600000/GNDFCBgfmdWjOeSt3nczvw/4PKUVRVIsBGJaQyfPfdOsLwxC0YmrN6US841oEiriy91bFa0joWIsUTn8PTvQdkdeD0_RFgwXxAoGsK3Nvp7h-NBHz8XJ5pg3_HyiOcol5tB2GGvSoL5I7cI-8Io8uIZ9FeqGjW1Eh2WsehGr1zLwg/w5if58WkXhMKS98RKqaQbwr4TcVng6iJpFh4u8CCmbw),,[image] ([pdf](zotero://open-pdf/library/items/Y6BGLV9Y?page=33&annotation=3AQ8WBEU))  ,,"Temperature, Precipitation",,d X=\alpha d T^{2}+\beta d T+\gamma d P,Non,,
Run-off,3.1,GRACE,GRACE,"Global mean temperature , Rate of change in precipitation ",Natural resources in hydro power,,grace.png (https://v5.airtableusercontent.com/v3/u/33/33/1726761600000/GNDFCBgfmdWjOeSt3nczvw/4PKUVRVIsBGJaQyfPfdOsLwxC0YmrN6US841oEiriy91bFa0joWIsUTn8PTvQdkdeD0_RFgwXxAoGsK3Nvp7h-NBHz8XJ5pg3_HyiOcol5tB2GGvSoL5I7cI-8Io8uIZ9FeqGjW1Eh2WsehGr1zLwg/w5if58WkXhMKS98RKqaQbwr4TcVng6iJpFh4u8CCmbw),,[image] ([pdf](zotero://open-pdf/library/items/Y6BGLV9Y?page=33&annotation=3AQ8WBEU))  ,,"Temperature, Precipitation",,d X=\alpha d T^{2}+\beta d T+\gamma d P,Non,,
Energy demand,3.1,GRACE,GRACE,"Global mean temperature , Rate of change in precipitation ",Energy demand,,grace.png (https://v5.airtableusercontent.com/v3/u/33/33/1726761600000/GNDFCBgfmdWjOeSt3nczvw/4PKUVRVIsBGJaQyfPfdOsLwxC0YmrN6US841oEiriy91bFa0joWIsUTn8PTvQdkdeD0_RFgwXxAoGsK3Nvp7h-NBHz8XJ5pg3_HyiOcol5tB2GGvSoL5I7cI-8Io8uIZ9FeqGjW1Eh2WsehGr1zLwg/w5if58WkXhMKS98RKqaQbwr4TcVng6iJpFh4u8CCmbw),,[image] ([pdf](zotero://open-pdf/library/items/Y6BGLV9Y?page=33&annotation=3AQ8WBEU))  ,,"Temperature, Precipitation",,d X=\alpha d T^{2}+\beta d T+\gamma d P,Non,,
Tourism,3.1,GRACE,GRACE,"Global mean temperature , Rate of change in precipitation ",Final demand for transport and services,,grace.png (https://v5.airtableusercontent.com/v3/u/33/33/1726761600000/GNDFCBgfmdWjOeSt3nczvw/4PKUVRVIsBGJaQyfPfdOsLwxC0YmrN6US841oEiriy91bFa0joWIsUTn8PTvQdkdeD0_RFgwXxAoGsK3Nvp7h-NBHz8XJ5pg3_HyiOcol5tB2GGvSoL5I7cI-8Io8uIZ9FeqGjW1Eh2WsehGr1zLwg/w5if58WkXhMKS98RKqaQbwr4TcVng6iJpFh4u8CCmbw),,[image] ([pdf](zotero://open-pdf/library/items/Y6BGLV9Y?page=33&annotation=3AQ8WBEU))  ,,"Temperature, Precipitation",,d X=\alpha d T^{2}+\beta d T+\gamma d P,Non,,
Extreme events,3.1,GRACE,GRACE,"Global mean temperature , Rate of change in precipitation ",Real capital,,grace.png (https://v5.airtableusercontent.com/v3/u/33/33/1726761600000/GNDFCBgfmdWjOeSt3nczvw/4PKUVRVIsBGJaQyfPfdOsLwxC0YmrN6US841oEiriy91bFa0joWIsUTn8PTvQdkdeD0_RFgwXxAoGsK3Nvp7h-NBHz8XJ5pg3_HyiOcol5tB2GGvSoL5I7cI-8Io8uIZ9FeqGjW1Eh2WsehGr1zLwg/w5if58WkXhMKS98RKqaQbwr4TcVng6iJpFh4u8CCmbw),,[image] ([pdf](zotero://open-pdf/library/items/Y6BGLV9Y?page=33&annotation=3AQ8WBEU))  ,,"Temperature, Precipitation",,d X=\alpha d T^{2}+\beta d T+\gamma d P,Non,,
Sea-level rise,3.1,GRACE,GRACE,"Global mean temperature , Rate of change in precipitation ",Real capital,,grace.png (https://v5.airtableusercontent.com/v3/u/33/33/1726761600000/GNDFCBgfmdWjOeSt3nczvw/4PKUVRVIsBGJaQyfPfdOsLwxC0YmrN6US841oEiriy91bFa0joWIsUTn8PTvQdkdeD0_RFgwXxAoGsK3Nvp7h-NBHz8XJ5pg3_HyiOcol5tB2GGvSoL5I7cI-8Io8uIZ9FeqGjW1Eh2WsehGr1zLwg/w5if58WkXhMKS98RKqaQbwr4TcVng6iJpFh4u8CCmbw),,[image] ([pdf](zotero://open-pdf/library/items/Y6BGLV9Y?page=33&annotation=3AQ8WBEU))  ,,"Temperature, Precipitation",,d X=\alpha d T^{2}+\beta d T+\gamma d P,Non,,
Health,3.1,GRACE,GRACE,"Global mean temperature , Rate of change in precipitation ",Labour,,grace.png (https://v5.airtableusercontent.com/v3/u/33/33/1726761600000/GNDFCBgfmdWjOeSt3nczvw/4PKUVRVIsBGJaQyfPfdOsLwxC0YmrN6US841oEiriy91bFa0joWIsUTn8PTvQdkdeD0_RFgwXxAoGsK3Nvp7h-NBHz8XJ5pg3_HyiOcol5tB2GGvSoL5I7cI-8Io8uIZ9FeqGjW1Eh2WsehGr1zLwg/w5if58WkXhMKS98RKqaQbwr4TcVng6iJpFh4u8CCmbw),,[image] ([pdf](zotero://open-pdf/library/items/Y6BGLV9Y?page=33&annotation=3AQ8WBEU))  ,,"Temperature, Precipitation",,d X=\alpha d T^{2}+\beta d T+\gamma d P,Non,,
Dice-like damage,,WITNESS,WITNESS,Global mean temperature , Climate damage fraction of gross output ,,,,,,Temperature,GDP,,Oui,,
Tipping point damage,,WITNESS,WITNESS,Global mean temperature , Abatement cost fraction of gross output ,,,,,,Temperature,,,Oui,,
Climate shock,A.128,DSK,DSK,"Beta 1,Beta 2",Propbability of occurence of a shock,,128.png (https://v5.airtableusercontent.com/v3/u/33/33/1726761600000/Xi9EZudDoKm49oyZ9r0Ocg/AnHaxnNMHKCA7CSyZ1MQpqsMBjxPE1JkRxSWkRQabrBFyOOk9fMFDMfqOXOYUhTB418whgmotGhrTgBTYEK7iTtMIYeVfLDu-C2zaeIhEHyP4HbwTZSUSsq2ygCEao37SUnnZkw9Ptf3r-9-rQIBVA/oiMg0qN9BhAZ53jvE8S2iXijy0HyOBQM_Y8I4lWC5Yk),,[image] ([pdf](zotero://open-pdf/library/items/ICLXRB9D?page=45&annotation=GME49W2Z))  ,,,,"\text{SHOCKS}~t \sim Beta(\theta_{s1,t}, \theta_{s2,t})",En cours,,
Beta 1 parameter,A.129,DSK,DSK,Global mean temperature ,Beta 1,,129.1.png (https://v5.airtableusercontent.com/v3/u/33/33/1726761600000/XbrmEw6t994VcZ-Q2Pc5uQ/qVvdGq5jycogggrHwKaiJoAudLpM6WegUxqBl1gvO0uXk4-wB7yzsjlgUZ8rGqL1bmVD59lOLKpqTCVV1-nndFgoqobrAG1EbX8mDKgshgJJH0W-04oItpf0l29-V5I4ORZRkzEdiQ5QtFzsLRP3aA/Tz9UeLb_0qpRjG-_RdJ1EulsTZkXBIfLyh4zDBdhVis),,[image] ([pdf](zotero://open-pdf/library/items/ICLXRB9D?page=45&annotation=89EWJSMU))  ,,Temperature,,"\theta_{s1,t} = \theta_{s1,0} (1 + \ln \left( \frac{T_{empt-1}}{T_{empt0}} \right))^{\Upsilon_{s3}}",En cours,,
Beta 2 parameter,A.129,,DSK,Global mean temperature ,Beta 2,,129.2.png (https://v5.airtableusercontent.com/v3/u/33/33/1726761600000/ipZCzzzDDGiRJ58LbfP8BQ/5tN86T72HQIO4DU69nw0FlYVSNDePUwgf9tFYXKToVaPpaohf0qnnPqRutKffPbxTl5FWvKWBPG001BowSnhsW6cjteP3nZEFed6ep2FZj32MEbIWO5VYX53RJI8dN18nt3Ebn8yrdaObePTgCPw9w/c_k_92rVH71Kt4LO0zYgiGNIU3xnoTgEvo207S_YBDU),,[image] ([pdf](zotero://open-pdf/library/items/ICLXRB9D?page=45&annotation=ACBGAP2J))  ,,Temperature,,"\theta_{s2,t} = \theta_{s2,0} \left( \frac{T_{empt0}}{T_{empt-1}} \right)^{\Upsilon_{s4}} ",Non,,
Agriculture impact of the level of climate change,A.3,FUND v.3.8,FUND v.3.8,"Time,Region,Change in regional mean temperature,Parameter related to warming of 2.5°C ,Parameter related to warming of 3.2°C ",Damage in agricultural production level ,,a3.png (https://v5.airtableusercontent.com/v3/u/33/33/1726761600000/XGsST8z9qTAnDgnv2p7SfA/gVfu-ZoneyXp7TWJy8nN-LFe8AZwE0rC6KNkGFTevyy9L3BIZEfYGW11dAsvinHeQ4L1qet8fb8LdhGyNjdlxu7yvHRHnuBx-1u9Av4m_fOb0JfjXM-8Vr1CH8nom8VwA0JBbzVRTZC6WBQ7y1d63Q/CYk5wrTe6mWzYKZEx-Gkc3CTB8hr1EmpP7xyzsyzUys),Quadratic,[image] ([pdf](zotero://open-pdf/library/items/4PTUKAWE?page=6&annotation=XSXBCZLF))  ,"Food production reduction,Food security reduction",", Temperature",Production,"A_{t,r}^{l}\,=\,\delta_{r}^{l}T_{t}\,+\,\delta_{r}^{2}T_{t}^{2}",Oui,"""FUND - agricultural impact of the level of climate change""",
Human health : regional cardiovascular mortality,HC.2,FUND v.3.8,FUND v.3.8,"Region,Time,Change in regional mean temperature",Climate-change-induced mortality due to disease c in region r at time t ,,hc2.png (https://v5.airtableusercontent.com/v3/u/33/33/1726761600000/NI0Fq580WLPp9gm8pQEd_A/QB04cK_64AQCf1W5goqZseTAdbNM5lFTix7hA3ZmU9zyq6_UvZMtvzFYijE6bk2bfXOqtnk8SOxm-buwgR9NJm2ZOEQVqw8YuQ6NQYNILcJgoL1tCUieD2cTafR_YHooC4_qaeuFJsRUr4_RsQXYeg/MX6zmN3hcoOKzQpk6LsvXNsCL9HYj3w8y9Ei4I5D0G0),Quadratic,[image] ([pdf](zotero://open-pdf/library/items/4PTUKAWE?page=18&annotation=AWVUZ27W))  ,Extreme heat,", Temperature",,"D_{t,r}^{c}=\alpha_{r}^{c}T_{t}^{2}+\beta_{r}^{c}T_{t}^{2}",Oui,,
Damage function,5,DICE 2023,DICE 2023,"??1 (psi 1) ,??2 (psi 2) ,?? (T) ",?? (omega) ,,5.png (https://v5.airtableusercontent.com/v3/u/33/33/1726761600000/t4bPNtQAme4iF-Wijdzu6Q/zZ6fkqgbr6c9r5oHtqtH_IislaIDDKLB0V8V0kS42aLxCf_AEKiQ_uVZg0tJM0OlDomqi_pfD8EJB9y1fSC_R-TI3EFIGo47RppZCO2bVJc1AOHk9mhzqv1pLyem7ztuU8R-Djn1ZunHTyMar1lPDg/BqLr0epB8lX8sU0gSR8Q7FIJwR9RmkSUqCJ0i0KlFzI),Quadratic,[image] ([pdf](zotero://open-pdf/library/items/B3AXV6A8?page=9&annotation=3WLNKML7))  ,,,,\begin{array}{l l}{{\ }}&{{\displaystyle=\psi_{1}T_{A T}(t)+\psi_{2}[T_{A T}(t)]^{2}}}\\ {{}}&{{=[0.0]T_{A T}(t)+[0.003467][T_{A T}(t)]^{2}}}\end{array},Oui,,
Abatement costs,6,DICE 2023,DICE 2023,"?? (mu) ,??1 (theta 1) ,??2 (theta 2) ",? (lambda) ,,6.png (https://v5.airtableusercontent.com/v3/u/33/33/1726761600000/qHaGl15Y-vMAOoDxBn4D2g/eqj3wlDjbVsu6-iDB3cEs6879DzNDCoDXGUuvyVY3eXVPSdLGXME_Bg_uMg0YRwBZjSum2tS5JGw4zxyjkPqlnC3oRfrRcbK04Rw0ETwQ5TlJ7ouoKlmSm6CJ8jE8pT0NO56GAw5j8vuFsQ3zdMHFw/wnMRY12zg7tFubtqyLFeBFXYjcpIKSi1qPj95J3ehco),Quadratic,[image] ([pdf](zotero://open-pdf/library/items/B3AXV6A8?page=9&annotation=3WLNKML7))  ,,,,\begin{array}{l}{{\Lambda({\bf t})\;=\;\theta_{1}(t)\mu(t)^{\theta_{2}}}}\\ {{\theta_{1}(0)\;=\;0.109062}}\\ {{\theta_{2}=\;2.6}}\end{array},Oui,,
Productivity of land in agriculture,3.1,GRACE,GRACE,"Global mean temperature , Rate of change in precipitation ",Productivity of land in agriculture,,grace.png (https://v5.airtableusercontent.com/v3/u/33/33/1726761600000/GNDFCBgfmdWjOeSt3nczvw/4PKUVRVIsBGJaQyfPfdOsLwxC0YmrN6US841oEiriy91bFa0joWIsUTn8PTvQdkdeD0_RFgwXxAoGsK3Nvp7h-NBHz8XJ5pg3_HyiOcol5tB2GGvSoL5I7cI-8Io8uIZ9FeqGjW1Eh2WsehGr1zLwg/w5if58WkXhMKS98RKqaQbwr4TcVng6iJpFh4u8CCmbw),Quadratic,[image] ([pdf](zotero://open-pdf/library/items/Y6BGLV9Y?page=33&annotation=3AQ8WBEU))  ,,"Temperature, Precipitation",,d X=\alpha d T^{2}+\beta d T+\gamma d P,En cours,,
Total damage,TOT,,DICE 2023,,,,,Quadratic,,,,,,Non,,"1,0"
Potential cumulative dryland impact,SLR.1,FUND v.3.8,FUND v.3.8,"Time,Region,Dryland loss due to one metre sea level rise ,Sea level rise above pre-industrial levels ,Parameter calibrated to a digital elevation model ,Maximum dryland loss in region ",,,slr1.png (https://v5.airtableusercontent.com/v3/u/33/33/1726761600000/LbBwE51KfxxPMapq8QsaQQ/R3kL4jrnuOB4RzHGanfI8AjzNapKaSbQYttQ-k0WU9D8hX-VMefo1dfNrvd5ynsIeBYl8JVlUNlTD_jv6Cm097ZKxWez36XOGItZ7QcrkEzpB7-hjutD2IjQ8VA5MNarVnBFd1wcNWE0rKxRD6l8cA/gLd77EPutyL9LhPfWPNdckUk55Wf6YYlUunR6ndAdN0),Linear,[image] ([pdf](zotero://open-pdf/library/items/4PTUKAWE?page=11&annotation=8NBHZVUR))  ,Loss in terrestrial ecosystem,", Sea level rise",,"\overline{{{C D}}}_{t,r}=\operatorname*{min}[\delta_{r}s_{t}^{\gamma_{r}},\zeta_{r}]",Oui,,
Potential dryland loss without protection,SLR.2,FUND v.3.8,FUND v.3.8,"Potential cumulative dryland loss without protection ,Actual cumulative dryland loss ",Potential dryland loss without protection ,,slr2.png (https://v5.airtableusercontent.com/v3/u/33/33/1726761600000/yOf0TP-rc-sDL8HW7f46IA/AzFVjQr9CmKEpDoMmv_WJpjfoXbu1Yt7gqlV6uqt3NJWYuyjQWRQzFjLztoBG3c4rj638ElrcO6SLJQXvw3LWmoKnh88jILTtzRZ6SJ73Rn-sxRUns8xLA8iIErdfFA9jGktc4jaDBY2YH57UBg4yw/MFTAU5omyAwXF-V5cmEXk0bZNzQFjoytae7RfdvVyb0),Linear,[image] ([pdf](zotero://open-pdf/library/items/4PTUKAWE?page=11&annotation=U2LKEDGJ))  ,Loss in terrestrial ecosystem,", Natural capital",,"\overline{{{D}}}_{t,r}=\overline{{{C D}}}_{t,r}-C D_{t-1,r}",Oui,,
Actual dryland loss in the current year,SLR.3,FUND v.3.8,FUND v.3.8,"Fraction of the coastline protected ,Potential dryland loss without protection ",Dryland loss in year ,,slr3.png (https://v5.airtableusercontent.com/v3/u/33/33/1726761600000/yDsKnKWUBiwkTcZaFAxW2Q/cEtZNP1Hj1fucv6xm0lCBdtZGTBGp8rfJ67WxvUNSFix_K8_LuALROFNFN0PktVaGPAMcfcFvVo1O01WPWLATJxxrHdzNjj7miQHIMWYGjmzL7xIWtSSvFv_sRBJRjlN6-uYFVkG-7OUMIQAAanduA/3d2OaCEn9yRzWWdOVOWYrhIX53S4zSsl_qc1s0PAUlo),Linear,[image] ([pdf](zotero://open-pdf/library/items/4PTUKAWE?page=11&annotation=XPNAQZ8K))  ,Loss in terrestrial ecosystem,,,"D_{t,r}=\left(1-P_{t,r}\right)\overline{{{D}}}_{t,r}",Oui,,
Actual cumulative dryland loss,SLR.4,FUND v.3.8,FUND v.3.8,"Actual cumulative dryland loss ,Dryland loss in year ",Actual cumulative dryland loss ,,slr4.png (https://v5.airtableusercontent.com/v3/u/33/33/1726761600000/8UyWwfLCwesUreANHabzrw/SNoAD8VYmCVROVUUDzJ29eUWrD2fYvDj_4J1wt7zIy9enZYUcqI1i_xocSVlwRwcsWLkHNV7YQxxp4d6SPeX0kMyVsrbL5cKBZklmvGwXQ1flZHTpwvVrE1xLJuy6MiE3Xd2R8bLrMLwDPhGOaSyhQ/T0MN3rTxPmK2gvTT1ENq9lQpYhoBGf4lxhkaWljw614),Linear,[image] ([pdf](zotero://open-pdf/library/items/4PTUKAWE?page=11&annotation=62EHGDDF))  ,Loss in terrestrial ecosystem,"Natural capital, ",Natural capital,"{\cal C}D_{t,r}=C D_{t-1,r}+D_{t,r}",Oui,,
Wetland loss,SLR.6,FUND v.3.8,FUND v.3.8,"Time,Region,Fraction of coast protected against sea level rise ,Sea level rise above pre-industrial levels ,Parameter for annual unit wetland loss due to sea level rise ,Parameter for annual unit wetland loss due to coastal squeeze ",Wetland loss at time ,,slr6.png (https://v5.airtableusercontent.com/v3/u/33/33/1726761600000/hxhxNyoCG-iUNwpnGdb8LQ/4sI7l8-QIaQeYSgN9-YupmKut-wfIO4Nmvpi4zeyPJR-ib89OmiCgF3uqvB5A3EBD0feHVIQXbVJuv8xO6JI8oUO15yX4z7qQsCwDRI8FQqlt3MSKrGoF4uQq3QjTWB8VVm8jEP8GFb1AfuyoU1X_w/ssczrdAXT8Hkpkb9b_FYQQJh96_kPab6GbDizDpy1UI),Linear,[image] ([pdf](zotero://open-pdf/library/items/4PTUKAWE?page=12&annotation=IICHUVN9))  ,Loss in freshwater ecosystem,", Sea level rise",,"\widehat{\mathcal{W}_{t,r^{\prime}}}\longrightarrow C\mathcal{O}_{r^{\prime}}^{S}\triangle\mathsf{A}_{t}\dots C\mathcal{O}_{r^{\prime}}^{M}\mathcal{D}_{t,r^{\prime}}\triangle\mathsf{A}_{t}",Oui,,
Cumulative wetland loss,SLR.7,FUND v.3.8,FUND v.3.8,"Cumulative wetland loss ,Total amount of wetland exposed to sea level rise ,Wetland loss at time ",Cumulative wetland loss at time ,,slr7.png (https://v5.airtableusercontent.com/v3/u/33/33/1726761600000/gSA6TPLKmthQSNU45VRiiA/gBu14aUjsyHySlI5EeOT9ZRslnp41lvDmp4b05SP5dbY4_SnfVAoGdHI9qOvVpCYNqtHdN5tWDYdKdhW9CcqUUk6Jwt6LNbDBpIsOWCzlWzNRBjohjp8CYlRSXSZexcpemkxO9nacZIcrfW5oQzaBw/oRmcwjVPnvDvjV7yQB9t9_faDCdoi2i7f5Dk_Fkeg-8),Linear,[image] ([pdf](zotero://open-pdf/library/items/4PTUKAWE?page=12&annotation=E9BCWYSC))  ,Loss in freshwater ecosystem,,,"{\mathcal W}_{t,r}^{C}\ --\left.\mathrm{Im}^{*}\!\right.\left(\left.{\mathcal W}_{t-1,r}^{C}\right.\rightarrow\mathcal W\right._{t-1,r}^{}\left.\!-\frac{}{}_{,r}\right.\mathcal W\right._{r}^{}\frac{\lambda}{\sqrt{}_{r}^{}}\right)",Oui,,
Level of protection,SLR.9,FUND v.3.8,FUND v.3.8,"Net present value of protection if whole coast is protected ,Net present value of the wetlands lost due to full coastal protection ,Net present value of land lost without any coastal protection ,Net present value of wetland lost due to coastal squeeze if whole coast is protected ",Fraction of coastline to be protected ,,slr9.png (https://v5.airtableusercontent.com/v3/u/33/33/1726761600000/CzRLktDaDMN6dCYLa47sVw/zmKnUlh6k0GfVdgl9na7vQc4104_NMDQGjusWQhuz3VLu01-UAiN0sfpERDKV32frKgQnotVBKa6R7BUlG2m3PaABNEpHbAIGo-pwixbkqb9cVOr_7ZOUR4vU06ZsQ-pUYifSjZ3_DjMrPsLLd9lYg/aRCJjQWUdFwqOj2ebtPYXUNs8QGAdFbWodbZh9VWjuM),Linear,[image] ([pdf](zotero://open-pdf/library/items/4PTUKAWE?page=13&annotation=T5RHM6IP))  ,Coastal flooding / storm,,,"P_{t,r}=\operatorname*{max}\left\{0,1-\frac{1}{2}\left(\frac{\mathrm{NPV}V P_{t,r}+\mathrm{NPV}V W_{t,r}}{\mathrm{NPV}V D_{t,r}}\right)\right\}",Oui,,
Net present cost of protection,SLR.10,FUND v.3.8,FUND v.3.8,"Time,Region,Annual unit cost of coastal protection ,Sea level rise above pre-industrial levels ,Growth rate of per capita income ,Rate of pure time preference ,Consumption elasticity of marginal utility ",Net present costs of coastal protection at time ,,slr10.png (https://v5.airtableusercontent.com/v3/u/33/33/1726761600000/wdgA7WBAvm8AVpw2Uw2Giw/psdbkY56VZzZajDvSFG64Rc1961nq6tP8UK5lr8L6TUOXm_PGaQ5nQhM5VJalPlBOhrzDfcgTUtjF8TrcF1TrChXbyotlGnu-YdlVHSoQGboPCm-0GOPorukbmXgManwHvwsvDyh2s1W2he3C95rFg/fL8i9SIErSXF2FXnNRKs_vrjkEvagu5iC152O5cTwnM),Linear,[image] ([pdf](zotero://open-pdf/library/items/4PTUKAWE?page=14&annotation=MW95T7K8))  ,Coastal flooding / storm,", Sea level rise, GDP, Parameter, Consumption",,"\mathrm{NPV}{\cal P}_{t,r}=\sum_{s=t}^{\circ}\Biggl(\frac{1}{1+\rho+\eta g_{t,r}}\Biggr)^{s-t}\pi_{r}\Delta S_{t}=\frac{1+\rho+\eta g_{t,r}}{\rho+\eta g_{t,r}}\pi_{r}\Delta S_{t,s}",Oui,,
Net present cost of wetland loss,SLR.11,FUND v.3.8,FUND v.3.8,"Time,Region,Annual unit wetland loss due to full coastal protection ,Sea level rise above pre-industrial levels ,Growth rate of per capita income ,Population growth rate ,Growth rate of wetland ,Rate of pure time preference ,Consumption elasticity of marginal utility ,Income elasticity of wetland value ,Population density elasticity of wetland value ,Size elasticity of wetland value ",Net present value of wetland loss at time ,,slr11.png (https://v5.airtableusercontent.com/v3/u/33/33/1726761600000/fTCKwdhBVYDc2G3Nt3IaAw/j5sUpRWGblaZz4HBv_iFZLYmZfJ0hNT87kJQzQaM_IoQVMLdp0YU07J4nRqVGb1hE2malycbDdH5Ude5p1LDaa8fi8AY5LQ9mAVORgOnv2lYB-A4lwm7N1OCEyRAf20uQjRzHPHcXZAYz2iBr5JiJw/_ymc9NOP3bcFomhaNjkmEpf7b3tQ3y58K8ha89NhsxQ),Linear,[image] ([pdf](zotero://open-pdf/library/items/4PTUKAWE?page=14&annotation=Z6DEIBXE))  ,Loss in freshwater ecosystem,", Natural capital, Sea level rise, GDP, Population, Parameter, Consumption",,"\left.N P V V W_{t,r}=\sum_{s=t}^{r}W_{t,r}V W_{s,r}\left(\frac{1}{1+\rho+\eta g_{t,r}}\right)^{s-t}=",Oui,,
Net present cost of dryland loss,SLR.12,FUND v.3.8,FUND v.3.8,"Time,Region,Current dryland loss without protection at time ,Current dryland value ,Growth rate of per capita income ,Rate of pure time preference ,Consumption elasticity of marginal utility ,Income elasticity of dryland value , Current income density growth rate ",Net present value of dryland loss at time ,,slr12.png (https://v5.airtableusercontent.com/v3/u/33/33/1726761600000/0cKxRAZJYVgQdh9POfQ7pw/d3TJWuq7t7jbkBWFqCRxynlP10AkfIfbLFW6gSC89YQkPNPaIxzqYvm2Eora-aC4ZlwGD6AdNI66z66G2C1oePAo9Ng197CLzhR8V0pqQJnW7Zufya12MfekQiyEqOI_SXAYDZPxb02sYB_oORM8Iw/7QEwR3gqKPPmRA7mE-SawCKGmP_N3q_b3m3iFUCLHdw),Linear,[image] ([pdf](zotero://open-pdf/library/items/4PTUKAWE?page=15&annotation=S6374B6G))  ,Loss in terrestrial ecosystem,", Natural capital, GDP, Parameter, Consumption",,"{\mathrm{NPV}}U_{t,r}=\sum_{s=t}^{\infty}{\overline{{D}}}_{t,r}V D_{t,r}\left({\frac{1+\epsilon d_{t,r}}{1+\rho+\eta g_{t,r}}}\right)^{s-t}={\overline{{D}}}_{t,r}V D_{t,r}{\frac{1+\rho+\eta g_{t,r}}{\rho+\eta g_{t,r}-\epsilon d_{t,r}}}\ .",Oui,,
Human health : cardiovascular and respiratory mortality,HC.1,FUND v.3.8,FUND v.3.8,"Index for the disease ,Current temperature of the hottest or coldest month in the country ",Change in mortality due to one degree global warming ,,hc1.png (https://v5.airtableusercontent.com/v3/u/33/33/1726761600000/RWLtMXwVxFns14sDaF5Nxg/Ly-IiNK-Za9vUHYSfYr7u1QxyKOkFCqs4pZxqARwkkdWssfQWRxsgiT1QcP40xGqI-Iwp5n4N77561Ve8eowmw7IsbF1aJXGWm6MLqKBgK5KI9ncu1WW3pFEyaywhlFsbCVpTIrcDekgCXo9B4h8OQ/tP8Fy4HkOrBcDF69lKBzAfD02DrscSS5EQHAKA9gz3Q),Linear,[image] ([pdf](zotero://open-pdf/library/items/4PTUKAWE?page=18&annotation=CL2YMIC5))  ,Extreme heat,,Mortality,{\cal D}^{c}=\varrho^{c}+\beta^{c}{\cal I}_{\cal B},Oui,,
Agriculture impact of the rate of climate change,A.2,FUND v.3.8,FUND v.3.8,"Time,Region,Change in regional mean temperature,Parameter for impact of climate change on economic welfare ,Non-linearity parameter,Speed of adaptation parameter",Damage in agricultural production,,a2.png (https://v5.airtableusercontent.com/v3/u/33/33/1726761600000/bJv3SgMULjGpVTnxY09gvA/OC_7bgzNBnJp3l6En5_UZC0f-eFRH4MkSovfUR2kjJCgTbkEoB1JupFgtYug354KIan69AVRH1j8GWEZpChmw5oYVT24kxtFrx2YbVRqJDts5i5UT-UvwnZhsalSD6cF6UsWTffN2Nf3m6t9WxoY6Q/mYEVXvDK1uiNn2IDx-bosCnehhqAR3wJanKq5ZzNAPU),Elasticity,[image] ([pdf](zotero://open-pdf/library/items/4PTUKAWE?page=6&annotation=GDB5BXVY))  ,"Food security reduction,Food production reduction",", Temperature",Production,"A_{t,r}^{r}=\alpha_{r}\left(\frac{\Delta T_{t}}{0.04}\right)^{\beta}+\left(1-\frac{1}{\rho}\right)A_{t-1,r}^{r}",Oui,,
Agriculture production relative loss,A.5,FUND v.3.8,FUND v.3.8,"Gross agricultural product,GDP in region r at time t ,Gross domestic product per capita,Time,Region,Income elasticity parameter",,,a5.png (https://v5.airtableusercontent.com/v3/u/33/33/1726761600000/BHUO7ABMEcqdUUQQ1wWFsg/7cBoNSvoVVrq-oiEE5lGpuzJLL91xuogeM_tYyLv3KuSTbHqiJB3pLKxTyFD5wAXzMoj_WfFp9Bi59rZo3VLfHYd1kxCDNyyy9iXKocxt8eg6yadoxVQdfW1cpxx1QP5WXsSoQxYJ1WVMG8wfDdfhw/WrerTegvt8ZEIh9l3gjgwRWBoEmw0wrxeAM10obMH3I),Elasticity,[image] ([pdf](zotero://open-pdf/library/items/4PTUKAWE?page=7&annotation=YE8XS39V))  ,"Food production reduction,Food security reduction","Production, GDP, ",,"\frac{G A P_{t,r}}{Y_{t,r}}=\frac{G A P_{1990,r}}{Y_{1990,r}}\biggl(\frac{y_{1990,r}}{y_{t,r}}\biggr)^{2}",Oui,,
Forestry impact,F.1,FUND v.3.8,FUND v.3.8,"Time,Region,Gross domestic product per capita,Global mean temperature ,Parameter for impact of climate change on economic welfare ,Income elasticity parameter ,Expert guess parameter ,Parameter for the effect of doubling atmospheric CO2 concentration on forest value ",Change in forestry consumer and producer surplus ,,f1.png (https://v5.airtableusercontent.com/v3/u/33/33/1726761600000/QjS3DmjAOidWBqgb5PK9Xw/laxrR0mdxUKTamUn_oxsl6VsjB4-9VAb-iCvECIVaObJ25gQWcDZ5WHMoeoN1ma5CQxAhpZbghvVP6Rwd_7YiU9lrXG3I-zDdslHqkQNJeDDOyBBwbI9p6Y0y-4NMr9_PK4yTx6butmW3GoKNnEezQ/78QH_stUc158lq89YS9WpH3K9YJ_kjbUbODuq0FKTMY),Elasticity,[image] ([pdf](zotero://open-pdf/library/items/4PTUKAWE?page=8&annotation=GWFZADWT))  ,Loss in terrestrial ecosystem,", GDP, Temperature",Production,"F_{t,r}=\alpha_{r}\left(\frac{y_{t,r}}{y_{1990,r}}\right)^{s}\left(0.5\left(\frac{T_{t}}{1.0}\right)^{\beta}+0.5\gamma\ln\left(\frac{C O_{2,t}}{275}\right)\right)",Oui,,
Water resources impact,W.1,FUND v.3.8,FUND v.3.8,"Time,Region,Gross domestic product per capita,Population in region r at time t ,Global mean temperature ,Parameter for benchmark impact ,Parameter for economic growth response ,Parameter for population growth response ,Parameter for impact response to warming ,Parameter for technological progress ",Change in water resources ,,w1.png (https://v5.airtableusercontent.com/v3/u/33/33/1726761600000/A975OhiGMU9vxULllskonw/KgDsNPAKbUeIrNay3wSxpgRY2H5RsuqxQpgkrwVV5W9Bfhtf5irP3VYmtm29kpCfP7yI1D5l0zKCyrn6D8QeBC0RDAoPETshp09IG8qf1_G9Xz00orw87VVEpxJyGqWmM0QcZBOvjLe6DizCsWuaBw/k2nQ9RS4vV48Kdt85wB0ZUUTBfK44_lUDmWXizTrn9M),Elasticity,[image] ([pdf](zotero://open-pdf/library/items/4PTUKAWE?page=8&annotation=FCPZZUZT))  ,"Loss in freshwater ecosystem,Water security reduction,Water scarcity",", GDP, Population, Temperature",,"W_{t,r}=\operatorname*{min}\left\{\alpha_{r}Y_{1990,r}(1-\tau)^{\prime-2000}\left(\frac{y_{t,r}}{y_{1990,r}}\right)^{\not p}\left(\frac{P_{t,r}}{J_{1990,r}}\right)^{\not p}\left(\frac{T_{t}}{1.0}\right)^{\gamma}\frac{Y_{t,r}}{1.0}\right\}",Oui,,
Space heating impact,E.1,FUND v.3.8,FUND v.3.8,"Time,Region,GDP in region r at time t ,Change in regional mean temperature,Gross domestic product per capita,Population in region r at time t ,Parameter for benchmark impact ,Income elasticity of space heating demand ,Autonomous Energy Efficiency Improvement ",Decrease in expenditure on space heating ,,e1.png (https://v5.airtableusercontent.com/v3/u/33/33/1726761600000/t4s4xha9ew2brnD-NATNtQ/QJ-n3DGTfKQM4CIbQNXqMcUWPhYLoxqdjjpTkX0UIZLqEaI7RPk1iAGdRp6Aac5aNKrFV-TyeXX89VVxfZKTWE-oCti1-cMH5KN-Tpjo9zUN2goYWkHhSBrcY4hwCIycaPpNYo0leEtQj0Yj6DwOFg/tkFT5uFYtwpwWNGBD-Eatj0cDdKmS9uMFX_GCPWvB_M),Elasticity,[image] ([pdf](zotero://open-pdf/library/items/4PTUKAWE?page=9&annotation=L5D97PP2))  ,,", GDP, Temperature, Population",Consumption,"B_{t}=\operatorname*{max}\left\{\frac{B_{0}}{100},B_{t-}\left(1-\rho-\gamma\frac{\Delta T^{2}}{\tau^{2}}\right)\right\}",Oui,,
Space cooling impact,E.2,FUND v.3.8,FUND v.3.8,"Time,Region,GDP in region r at time t ,Change in regional mean temperature,Gross domestic product per capita,Population in region r at time t ,Parameter for economic growth response ,Income elasticity of space heating demand ,Autonomous Energy Efficiency Improvement ",Increase in expenditure on space cooling ,,e2.png (https://v5.airtableusercontent.com/v3/u/33/33/1726761600000/yxR-0_oQ6gkNULt8d62wcA/tfa-LNnzAMH9SK5GytkWa-cjUI3OLtwpRbnkwP_FgfTZ98i9Iz5-cwQ1ovhdcqluX7LPDNTOZgPVICqJ6_CLBJQTTWXYnAT844I8kYRrOfJjkP2FGSppl3cHUo6B3I6R6TwbFzqv2lhkt8H5GCxK2Q/VrRCVB-5EDammYPzMwL8puX1xJBfXmbrBhb93leL00g),Elasticity,[image] ([pdf](zotero://open-pdf/library/items/4PTUKAWE?page=10&annotation=9HNIT94Y))  ,"Extreme heat,""Heat, malnutrition and harm from wildfire""",", GDP, Temperature, Population",Consumption,"S C_{t,r}=\alpha_{r}Y_{1990,r}\left(\frac{T_{t}}{1.0}\right)^{\beta}\left(\frac{y_{t,r}}{y_{1990,r}}\right)^{\epsilon}\left(\frac{P_{t,r}}{P_{11990,r}}\right)\right/\prod_{s=1,900}^{t}4E E I_{s,r}",Oui,,
Value of dryland,SLR.5,FUND v.3.8,FUND v.3.8,"Time,Region,Unit value of dryland ,GDP in region r at time t ,Area ,Parameter ,Normalisation constant ,Income density ",Unit value of dryland ,,slr5.png (https://v5.airtableusercontent.com/v3/u/33/33/1726761600000/5bEvson0keem_scKvFu1Gw/H-pRJkrIFYWy20DEYwrQeFIVyTrPgmBdNJj51qVPx8bxWZ5wGl2gz7G9ntvTqs89UJSMoMq_QJM9rb2JDdzChAjT0ViVrn4OSLJVydhjJqqcJFxNxGyJgmi3vE8uv8s5hs5cCa0r4J4bsb8_t2I6_Q/qYP0TSHK6JpPvSn7BwEFFkryoLhKmbUH12hGHYG0P0k),Elasticity,[image] ([pdf](zotero://open-pdf/library/items/4PTUKAWE?page=11&annotation=C2QI8ZFD))  ,Loss in terrestrial ecosystem,", GDP",,"V D_{t,r}=\varphi\!\left({\frac{Y_{t,r}/A_{t,r}}{Y A_{0}}}\right)^{\!\!6}",Oui,,
Wetland value,SLR.8,FUND v.3.8,FUND v.3.8,"Time,Region,Gross domestic product per capita,Population density ,Cumulative wetland loss at time ,Total amount of wetlands in 1990 ,Income elasticity of wetland value ,Normalisation constant ,Normalisation constant ,Population density elasticity of wetland value ,Size elasticity of wetland value ",Wetland value at time ,,slr8.png (https://v5.airtableusercontent.com/v3/u/33/33/1726761600000/K2bnJQz9wtkv71CjMNZL_A/1NRQZDeteTUeh_JbepMiPOw2ywfLa5_1IkFuvo-LAZh8rPDvlqFBayLFVGXYDUdA8wtA5T7lmX5npeCDSFptbfgulUEf7hgabeIhmIXVmxRG4FUZ1nXwSOtpioi_yAv4bRO5YDgGwBo0N-CpnN33wQ/E5-YdtNl06UFRGhd3bMpa81RWEX4bua5zk16vHGyHoY),Elasticity,[image] ([pdf](zotero://open-pdf/library/items/4PTUKAWE?page=12&annotation=RZLH5GJG))  ,Loss in freshwater ecosystem,", GDP, Population",,"V W_{t,r}=\alpha\left(\frac{y_{t,r}}{y_{0}}\right)^{\beta}\left(\frac{d_{t,r}}{d_{0}}\right)^{\gamma}\left(\frac{W_{1990,r}-W_{t,r}^{C}}{W_{1990,r}}\right)^{\delta}",Oui,,
Ecosystem loss,E.1,FUND v.3.8,FUND v.3.8,"Time,Region,Gross domestic product per capita,Population in region r at time t ,Change in regional mean temperature ,Number of species ,Parameter ,Parameter ,Parameter ,Parameter for number of species ",Value of the loss of ecosystems at time ,,e.1.png (https://v5.airtableusercontent.com/v3/u/33/33/1726761600000/26g4johZAEP8vvOd-b6VqA/taFO_TK8fD42IYmGtDXhxA5zsDdlfHMm7ywUk28BHF2I-aezsX7iu3SfqnWFish9iUSqUJ5b29CCqt5A_xBFKD0lm0s6FD-uBwh_gMxpdDSyPtpB7BRVCL6xKhXn6zzOTQba-zoq7JDyMl1uKrgLTA/mFZu3RluFasa5tSs-0TpOg--Cwm1PcRpgdHj36Ehjco),Elasticity,[image] ([pdf](zotero://open-pdf/library/items/4PTUKAWE?page=16&annotation=USHT735A))  ,Loss in terrestrial ecosystem,", GDP, Population, Temperature",,"E_{t,r}=\alpha P_{t,r}{\frac{y_{t,}^{\prime}{\cal Y}_{y}^{b}}{1+{\bf y}_{t,r}{\cal Y}_{y,r}}}{\frac{\Delta{\cal T}_{r}}{1+{\bf\bar{\Delta}}{2}{\cal Y}_{\tau}^{\prime}}}\bigg(1-\sigma+\sigma{\frac{B_{0}}{B_{t}^{\prime}}}\bigg)",Oui,,
Number of species,E.2,FUND v.3.8,FUND v.3.8,"Number of species ,Parameter ,Parameter ,Change in regional mean temperature ",Number of species ,,e.2.png (https://v5.airtableusercontent.com/v3/u/33/33/1726761600000/LlAlbSU2qqbTzgcgIaX8KQ/Nc5LXz7HSXgwLRb1Nb2gJdJpV7fCSwP1n1G6T0UzQk4XnL7dX8eNPH9iOHpphgwThLCm6Mi-oRx2N_lrFLoYlHTtgTwzOuQKvDgccWI9M9aAR0JdfwuEkL1GBpHRGlqqBXUkLrfvTj3fBBH17lQGdg/Mjg6081ELc3SQrOrEcOKVzbZoZbTbBdXOZU3noqhQgE),Elasticity,[image] ([pdf](zotero://open-pdf/library/items/4PTUKAWE?page=16&annotation=C8CYP6ED))  ,Loss in terrestrial ecosystem,", Temperature",,"S H_{t,r}=\alpha_{r}Y_{1990,r}\frac{\mathrm{atan}\,T_{t}}{\mathrm{atan}\,1.0}\biggl(\frac{y_{t,r}}{y_{1990,r}}\biggr)^{\epsilon}\biggl(\frac{P_{t,r}}{P_{1990,r}}\biggr)^{\epsilon}\biggl\langle\prod_{s=19900}^{t}\biggr\}^{\epsilon}\frac{\ln^{2}{\pi^{2}\pi^{2}\pi^{2}\pi^{2}\pi^{2}\pi^{2}\rangle_{t}}\,\biggl(\frac{y_{t,r}}{p_{t}-\epsilon_{r}^{2}\sqrt{2\pi_{t}\pi_{t}}^{2}\biggr)^{2}}{\epsilon_{t}^{2}-\pi_{t}^{2}\pi_{t}^{2}\pi_{t}^{2}\pi_{t}^{2}\pi_{t}^{2}\pi_{t}^{2}-\biggl)_{t}^{2}}_{t}\,{\epsilon_{t}{t}{t}{\mu}}\,\biggr)\,\,\rho_{\biggr)\,\,\frac{t}\,\biggl(\biggr",Oui,,
Human health : diarrhoea,HD.1,FUND v.3.8,FUND v.3.8,"Region,Population in region r at time t ,Time,Gross domestic product per capita,Regional mean temperature in degrees Celsius ,Rate of mortality from diarrhoea in 2000 in region r ,Income elasticity of diarrhoea mortality ,Parameter for non-linearity of response of diarrhoea mortality to regional warming ",Number of additional diarrhoea deaths ,,hd1.png (https://v5.airtableusercontent.com/v3/u/33/33/1726761600000/o6zurKn3X01yG6E8-KdZoA/8x3BSYPm6rBLkGzk6mSDEKCycT7_Qm5r9d_0o2PKkHfV7awM86bzJ3TFY-HOY1_-ApFo1epF7lm06iQZALCljU8FTtpgqKoLHVcoCPidxNV4oJpAxQyzXWWwVUDPXCQVXQZPVoVYsg4PwmuVGMDs-g/TgbkUbAdoC8Az-YplNDFotg2TudcwyEwQPQn66_JTQc),Elasticity,[image] ([pdf](zotero://open-pdf/library/items/4PTUKAWE?page=16&annotation=IVEG9QJP))  ,"Food-borne diseases,Water-borne diseases",", Population, GDP, Temperature, Mortality",,"D_{t,r}^{d}=\mathcal{A}_{r}^{d}P_{t,r}\left(\frac{\mathcal{V}_{t,r}}{\mathcal{V}_{1990,r}}\right)^{s}\left(\frac{T_{t,r}}{\mathcal{V}_{p r e-i n d u s t r i a l,r}}\right)^{p}",Oui,,
Human health : vector-borne diseases,HV,FUND v.3.8,FUND v.3.8,"Climate-change-induced mortality due to disease c in region r at time t ,Mortality from vector-borne diseases in 1990 in region r ,Time,Region,Vector borne disease,Parameter indicating benchmark impact of climate change on vector-borne diseases ,Regional mean temperature in degrees Celsius ,Gross domestic product per capita,Change in regional mean temperature,Parameter for degree of non-linearity of mortality in warming ,Income elasticity of vector-borne mortality ",Number of additional deaths from vector-borne diseases ,,hv.png (https://v5.airtableusercontent.com/v3/u/33/33/1726761600000/Hfbei6_FaoQNCj4nbKPVag/hFoULggdiScULVZWgdM-KLVOt5ZYevnBAxTJJ4NshgszY2cOsB9-cbrnBy8CUTk9Q6In5fE7iZJ1SdPaWKJ8G7HL8Kw9wteoHEIYTVGTIZ2VzH67jxTwyyCwPr5fafXwr5ySniG107Dh_Xqo1AmGMg/H-0x4_a1ThvLTfS3g1VzTRNpgWPvz6RboO_XMclVWnM),Elasticity,[image] ([pdf](zotero://open-pdf/library/items/4PTUKAWE?page=17&annotation=XNSE353L))  ,Infectious diseases,", Temperature, GDP",,"D_{t,r}^{\nu}=D_{1990,r}^{\nu}Q_{r}^{\nu}\left(T_{t}-T_{1990}\right)^{\beta}\left(\frac{y_{t,r}}{y_{1990,r}}\right)^{\gamma}",Oui,,
Extreme weather : tropical storms damage,TS.1,FUND v.3.8,FUND v.3.8,"Time,Region,GDP in region r at time t ,Current damage as a fraction of GDP ,Gross domestic product per capita,Income elasticity of storm damage ,Parameter indicating how much wind speed increases per degree warming ,Change in regional mean temperature,Parameter for the power of the wind in the cube of its speed ",Damage due to tropical storms in region r at time t ,,ts1.png (https://v5.airtableusercontent.com/v3/u/33/33/1726761600000/26JTZzdCj-4tl2Ok3SwjaA/voZRVmPWdMjYytM_aDbwZwg3l5zlhRqWCegEXWrroW48xrTEvvsApvoLpXUW9fe348og3PtteC-BUk1BZbUYtDSuh4PURAqOITxdVzLVl3ixevxTICqbz3RCHSFhpgQrU_xPfN6Rhjc4xYk8Wg3P8w/EA2EseJGcZ9QdRuRnfOHXwnieU8jEv9IIXBWEuqf66c),Elasticity,[image] ([pdf](zotero://open-pdf/library/items/4PTUKAWE?page=19&annotation=TNF9KWNC))  ,"Inland flooding,Coastal flooding / storm,Damages to infrastructure,Damages to key economic sectors",", GDP, Wind, Temperature",GDP,"T D_{t,r}=\sigma_{r}Y_{t,r}\left(\frac{\vartheta_{t,r}}{\vartheta_{1990,r}}\right)\left[\left(1+\rlap{\textstyle{\mathcal{D}}}{\mathcal{D}}_{t,r}\right)^{\gamma}-1\right]",Oui,,
Extreme weather : tropical storm mortality,TS.2,FUND v.3.8,FUND v.3.8,"Time,Region,Population in region r at time t ,Current mortality as a fraction of population ,Gross domestic product per capita,Parameter indicating how much wind speed increases per degree warming ,Change in regional mean temperature,Parameter for the power of the wind in the cube of its speed ,Income elasticity of storm damage ",Mortality due to tropical storms in region r at time t ,,ts2.png (https://v5.airtableusercontent.com/v3/u/33/33/1726761600000/57M0saH13gsuGaLb326jrQ/NGpSlMm25QedrFrBf_a4x6wBOW1IfHKPt2d1Pxcn1_78Xcfbr3Y90nMCGwZTtY8ijkp50ZcX53E_jVYZPCu6s5xTPy5cMDol6gwTtrWhnNcaCrpvqzVPv9tREvgAqTwN4CQ_B6kLGyA8mvd0V7bygQ/6yIjI7YtgAnrQYIwvem7GkyKroPLJTI01vcCzMkxmu0),Elasticity,[image] ([pdf](zotero://open-pdf/library/items/4PTUKAWE?page=20&annotation=27WRANPN))  ,"Inland flooding,Coastal flooding / storm,Damages to infrastructure,Damages to key economic sectors",", Population, GDP, Wind, Temperature",Mortality,"T M_{t,r}=\beta_{r}P_{t,r}\left(\frac{y_{t,r}}{y_{1990,r}}\right)^{\eta}\left[\left(1+\rlap/\partial T_{t,r}\right)^{\gamma}-1\right]",Oui,,
Extratropical storms damage,ETS.1,FUND v.3.8,FUND v.3.8,"GDP in region r at time t ,Benchmark damage from extratropical cyclones for region r ,Gross domestic product per capita,Income elasticity of extratropical storm damages ,Storm sensitivity to atmospheric CO2 concentrations for region r ,Atmospheric CO2 concentrations ,Pre-industrial concentration of CO2",Damage from extratropical cyclones at time t in region r ,,etd.png (https://v5.airtableusercontent.com/v3/u/33/33/1726761600000/E03umioizBCxdVgnwtlNFA/A4e1zMNkeqXa9F4bNQntVatvWi-FsYKOQgCwlqBBIBZCwwQtSiyxEpIlpegCnsi5TWW83fCuEpfmeJ0uYwvMkIKbwNSQgF9w3oSIt1HuB5Vt46TVzmcuat1oJ51QZ7HX-w8JA8mckagBQpD-yJtVEg/34vblwvGMrsb69NAIXpfjGJ2_NPTJwnEmgM6MtU_cxg),Elasticity,[image] ([pdf](zotero://open-pdf/library/items/4PTUKAWE?page=21&annotation=UL22ZER4))  ,"Inland flooding,Coastal flooding / storm,Damages to infrastructure,Damages to key economic sectors","GDP, , Wind, CO2 concentration",GDP,"{\cal E}T\!D_{t,r}={\cal Q}_{r}Y_{t,r}\left(\frac{y_{t,r}}{y_{1990,r}}\right)^{\varepsilon}\left[\left(\frac{C_{C O2,t}}{C_{C O2,p r e}}\right)^{\gamma}-1\right]",Oui,,
Extratropical storms mortality,ETS.2,FUND v.3.8,FUND v.3.8,"Population in region r at time t ,Benchmark mortality from extratropical cyclones for region r ,Gross domestic product per capita,Income elasticity of extratropical storm mortality ,Storm sensitivity to atmospheric CO2 concentrations for region r ,Atmospheric CO2 concentrations ,Pre-industrial concentration of CO2",Mortality from extratropical cyclones at time t in region r ,,etm.png (https://v5.airtableusercontent.com/v3/u/33/33/1726761600000/e18HmOjPJiUUndSwLCODlA/mIMrmWaGi1U1GjpgZR5dD7eDlgUrlLUbAxOoelSNO7O_8fEbVlQAKIJemmwF0BtJTPiLexPgyivrSRqj9DHA7F9rH4j0xSRJjrkt0UfNuyFfe9Za5fY2bJeH2thB6CF00L8YNZesIoep-06iIPuIjw/__YmQiWd9JpDvwNWVJ3qJBJQc1Z4iU-Ra8ofPKgUUtY),Elasticity,[image] ([pdf](zotero://open-pdf/library/items/4PTUKAWE?page=21&annotation=ERSA7FLF))  ,"Inland flooding,Coastal flooding / storm,Damages to infrastructure,Damages to key economic sectors","Population, , GDP, Wind, CO2 concentration",Mortality,"E T M_{t,r}=\beta_{r}{\cal P}_{t,r}\left(\frac{y_{t,r}}{y_{1990,r}}\right)^{\varphi}\widehat{\cal O}_{r}\left[\left(\frac{C_{C O2,t}}{C_{C O2,p r e}}\right)^{\gamma}-1\right]",Oui,,
Value of a statistical life,MM.1,FUND v.3.8,FUND v.3.8,"Income elasticity of the value of a statistical life ,Gross domestic product per capita,Normalisation constant ",Value of a statistical life at time t in region r ,,vsl.png (https://v5.airtableusercontent.com/v3/u/33/33/1726761600000/AAn5armTBj5413ZrjoVP9Q/tgmfiTnxgpY6sAhSw8TP1ZyCIaz9wxoK5ieyhLo-l55L7ZSuTgNnh5lI2lvLEYNWXJTTMwdj3WvO84LliSGAzaxE1DBJOJqqztN8C1_MqBodY_GT7WN0WiGnB0ta_WEWkseIGEU2VVDGWtYMMDW-PQ/Qq2sIBbUa9k3TWzLfhb0AhwiTvm63KYdd6_tAViE6GY),Elasticity,[image] ([pdf](zotero://open-pdf/library/items/4PTUKAWE?page=22&annotation=5IJPHFP2))  ,,", GDP",GDP,"V S L_{t,r}=\alpha\left(\frac{y_{t,r}}{y_{0}}\right)^{6}",Oui,,
Value of a year of morbidity,MM.2,FUND v.3.8,FUND v.3.8,"Gross domestic product per capita,Income elasticity of the value of a year of morbidity ",Value of a year of morbidity at time t in region r ,,vm.png (https://v5.airtableusercontent.com/v3/u/33/33/1726761600000/Faa_vZ8mnin5Q5tIs1gzwA/JPIhlPBWlbpu6Sq4gu7myYJ538ctIWsxE4hh63ZhyYZ3B4fR6G-iFwMJMOiK6D5DoVlAfm-7jGkLldq97ChBnX-FnHNMLIG6yw4L_J7yAAsjiXfxhtzwhrQemySOtLld45bKX9sLOE-DEIDhJGdL_A/O50VGUDqJ1GyhxIqZyFwYd3Ko3gBixv5EvHSRCEh0rg),Elasticity,[image] ([pdf](zotero://open-pdf/library/items/4PTUKAWE?page=22&annotation=4M7ZJN2E))  ,,"GDP, ",GDP,"V M_{t,r}=\beta\left(\frac{y_{t,r}}{y_{0}}\right)",Oui,,
Total damage,TOT,,FUND v.3.8,,,,,Elasticity,,,,,,Non,,"23,0"
Damage function,12,"""C3IAM
""",C3IAM, Climate damage fraction of gross output ,Change in regional mean temperature ,,13.png (https://v5.airtableusercontent.com/v3/u/33/33/1726761600000/8lpKZyKhOD9X22DGIVrIIw/oJ3axJi4ms1fzxWqcBNRlGF13r4ADISjqOXXN0VeW8rMdICpiD6uhD7sKF1-gDyxFDA8ThDXr6fpnQbufQ6eVTIVmtBYdPEuDbNoGZhDS1OwbmEhyly987t3RF-djcN4Qq2OF4EWXb3tEGCvB4q7Iw/rpjHUHzl9KgGPRnv0302szUw6scIhfZFkpvHCalFI64),Inverse quadratic,[image] ([pdf](zotero://open-pdf/library/items/SNXRQX43?page=11&annotation=8PUY3RBF))  ,,GDP,Temperature,"D_{i}(t)=1-\frac{1}{1+a_{1,i}T_{1}(t)+a_{2,i}T_{1}(t)^{2}},",Non,,
Damage functionl',55,,DEFINE,Global mean temperature ,"Productivity,Consumption,Investment",,image.png (https://v5.airtableusercontent.com/v3/u/33/33/1726761600000/H7lFEDHUcAVdH8aRsmGgWQ/QwUWtTpFb7Sv_szqgnUbApbwlU6gypis0CQpKnq34YmNVg3S4hg9KLv4wONboPBvZ0ObAtbXVpxFhCkaGzm8t_yae8VX9pevsj9mZuJPAzOcR92-jq7BwlXeB4fVDDFXaeo6Xjv0lB04f_NCLgFwGg/7e3SWFgUMa-2E4MDRQG90oOG2NnX9dWBSikoX5PNXsU),Inverse quadratic,[image] ([pdf](zotero://open-pdf/library/items/JXR43EK3?page=5&annotation=H2F25AW3))  ,,Temperature,,\Delta T = 1 - \frac{1}{1 + \eta_1 TAT + \eta_2 TAT^2 + \eta_3 TAT},Non,,
Damage function,3.5,,Giraud Stock-Flow model,Global mean temperature ,GDP in region r at time t ,,image.png (https://v5.airtableusercontent.com/v3/u/33/33/1726761600000/6Ut3xbpOjpPCRfT-ONR29w/ukpG5XQPNsq9JIEizw5jOxDsjblDIEo_TAZE6mmMJgL_MsRqM9fi-qHnHfCoZlyIc4CHUJ2g-WhJgFtpSbetc8sR_inzmcHHQC-C0CYTEw5cixneaMrhaMlBrfjoLmAJW4cwF2hP5zWEQ4amJgz7Nw/3wi2l4AMykx8D2cc1jqH-w1kWvgADNyEf9ZhRdm0m18),Inverse quadratic,[image] ([pdf](zotero://open-pdf/library/items/SNRKYS5R?page=13&annotation=97IVXR9J))  ,,Temperature,GDP,D = 1 - \frac{1}{1 + \pi_1 T + \pi_2 T^2} ,Non,,
Total damage,TOT,,Define,,,,,Inverse quadratic,,,,,,Non,,"1,0"
Total damage,TOT,,DSK,,,,,Inverse cubic,,,,,,Non,,"1,0"
Agriculture impact of fertilisation,A.4,FUND v.3.8,FUND v.3.8,"Time,Region,Pre-industrial concentration of CO2,Atmospheric CO2 concentrations ,Parameter related to CO2 fertilisation",Damage in agricultural production due to CO2 fertilisation,,a4.png (https://v5.airtableusercontent.com/v3/u/33/33/1726761600000/GnpbZ4kFJWbWnfw2f_9E9Q/UeDar2BzWDDVsh9vH0tbd5n6nPBCqGGvL1fOq4RuMuJrC-UwTrbsYILa03pYvtOvVDGbTolEfHKFdLo0SuE2HBwktetY3skcVQOixeFK6rl2YtyJrOIgA3gwefp6IIsx28EygzXzM-fo2SXHE7TqzQ/oGevZLUjZqow9ccNx9E3PtQoBLUcjHNgBvLuxRTWRPk),Logarithmic,[image] ([pdf](zotero://open-pdf/library/items/4PTUKAWE?page=7&annotation=9AKBR3NN))  ,"Food security reduction,Food production reduction",", CO2 concentration",Production,"A_{t,r}^{f}=\nu_{r}\ln\frac{G O2_{t}}{275}\,,",Oui,"""FUND - agricultural impact of the fertilisation""",
Total damage,TOT,,WITNESS,,,,,Probabilistic,,,,,,Non,,"2,0"